FolioURN,ImageURN
urn:cite:bla:bbb318.1r,urn:cite:ecodices:bbb318img.bbb318_001r
urn:cite:bla:bbb318.1v,urn:cite:ecodices:bbb318img.bbb318_001v
urn:cite:bla:bbb318.2r,urn:cite:ecodices:bbb318img.bbb318_002r
urn:cite:bla:bbb318.2v,urn:cite:ecodices:bbb318img.bbb318_002v
urn:cite:bla:bbb318.3r,urn:cite:ecodices:bbb318img.bbb318_003r
urn:cite:bla:bbb318.3v,urn:cite:ecodices:bbb318img.bbb318_003v
urn:cite:bla:bbb318.4r,urn:cite:ecodices:bbb318img.bbb318_004r
urn:cite:bla:bbb318.4v,urn:cite:ecodices:bbb318img.bbb318_004v
urn:cite:bla:bbb318.5r,urn:cite:ecodices:bbb318img.bbb318_005r
urn:cite:bla:bbb318.5v,urn:cite:ecodices:bbb318img.bbb318_005v
urn:cite:bla:bbb318.6r,urn:cite:ecodices:bbb318img.bbb318_006r
urn:cite:bla:bbb318.6v,urn:cite:ecodices:bbb318img.bbb318_006v
urn:cite:bla:bbb318.7r,urn:cite:ecodices:bbb318img.bbb318_007r
urn:cite:bla:bbb318.7v,urn:cite:ecodices:bbb318img.bbb318_007v
urn:cite:bla:bbb318.8r,urn:cite:ecodices:bbb318img.bbb318_008r
urn:cite:bla:bbb318.8v,urn:cite:ecodices:bbb318img.bbb318_008v
urn:cite:bla:bbb318.9r,urn:cite:ecodices:bbb318img.bbb318_009r
urn:cite:bla:bbb318.9v,urn:cite:ecodices:bbb318img.bbb318_009v
urn:cite:bla:bbb318.10r,urn:cite:ecodices:bbb318img.bbb318_010r
urn:cite:bla:bbb318.10v,urn:cite:ecodices:bbb318img.bbb318_010v
urn:cite:bla:bbb318.11r,urn:cite:ecodices:bbb318img.bbb318_011r
urn:cite:bla:bbb318.11v,urn:cite:ecodices:bbb318img.bbb318_011v
urn:cite:bla:bbb318.12r,urn:cite:ecodices:bbb318img.bbb318_012r
urn:cite:bla:bbb318.12v,urn:cite:ecodices:bbb318img.bbb318_012v
urn:cite:bla:bbb318.13r,urn:cite:ecodices:bbb318img.bbb318_013r
urn:cite:bla:bbb318.13v,urn:cite:ecodices:bbb318img.bbb318_013v
urn:cite:bla:bbb318.14r,urn:cite:ecodices:bbb318img.bbb318_014r
urn:cite:bla:bbb318.14v,urn:cite:ecodices:bbb318img.bbb318_014v
urn:cite:bla:bbb318.15r,urn:cite:ecodices:bbb318img.bbb318_015r
urn:cite:bla:bbb318.15v,urn:cite:ecodices:bbb318img.bbb318_015v
urn:cite:bla:bbb318.16r,urn:cite:ecodices:bbb318img.bbb318_016r
urn:cite:bla:bbb318.16v,urn:cite:ecodices:bbb318img.bbb318_016v
urn:cite:bla:bbb318.17r,urn:cite:ecodices:bbb318img.bbb318_017r
urn:cite:bla:bbb318.17v,urn:cite:ecodices:bbb318img.bbb318_017v
urn:cite:bla:bbb318.18r,urn:cite:ecodices:bbb318img.bbb318_018r
urn:cite:bla:bbb318.18v,urn:cite:ecodices:bbb318img.bbb318_018v
urn:cite:bla:bbb318.19r,urn:cite:ecodices:bbb318img.bbb318_019r
urn:cite:bla:bbb318.19v,urn:cite:ecodices:bbb318img.bbb318_019v
urn:cite:bla:bbb318.20r,urn:cite:ecodices:bbb318img.bbb318_020r
urn:cite:bla:bbb318.20v,urn:cite:ecodices:bbb318img.bbb318_020v
urn:cite:bla:bbb318.21r,urn:cite:ecodices:bbb318img.bbb318_021r
urn:cite:bla:bbb318.21v,urn:cite:ecodices:bbb318img.bbb318_021v
urn:cite:bla:bbb318.22r,urn:cite:ecodices:bbb318img.bbb318_022r
urn:cite:bla:bbb318.22v,urn:cite:ecodices:bbb318img.bbb318_022v
urn:cite:bla:bbb318.23r,urn:cite:ecodices:bbb318img.bbb318_023r
urn:cite:bla:bbb318.23v,urn:cite:ecodices:bbb318img.bbb318_023v
urn:cite:bla:bbb318.24r,urn:cite:ecodices:bbb318img.bbb318_024r
urn:cite:bla:bbb318.24v,urn:cite:ecodices:bbb318img.bbb318_024v
urn:cite:bla:bbb318.25r,urn:cite:ecodices:bbb318img.bbb318_025r
urn:cite:bla:bbb318.25v,urn:cite:ecodices:bbb318img.bbb318_025v
urn:cite:bla:bbb318.26r,urn:cite:ecodices:bbb318img.bbb318_026r
urn:cite:bla:bbb318.26v,urn:cite:ecodices:bbb318img.bbb318_026v
urn:cite:bla:bbb318.27r,urn:cite:ecodices:bbb318img.bbb318_027r
urn:cite:bla:bbb318.27v,urn:cite:ecodices:bbb318img.bbb318_027v
urn:cite:bla:bbb318.28r,urn:cite:ecodices:bbb318img.bbb318_028r
urn:cite:bla:bbb318.28v,urn:cite:ecodices:bbb318img.bbb318_028v
urn:cite:bla:bbb318.29r,urn:cite:ecodices:bbb318img.bbb318_029r
urn:cite:bla:bbb318.29v,urn:cite:ecodices:bbb318img.bbb318_029v
urn:cite:bla:bbb318.30r,urn:cite:ecodices:bbb318img.bbb318_030r
urn:cite:bla:bbb318.30v,urn:cite:ecodices:bbb318img.bbb318_030v
urn:cite:bla:bbb318.31r,urn:cite:ecodices:bbb318img.bbb318_031r
urn:cite:bla:bbb318.31v,urn:cite:ecodices:bbb318img.bbb318_031v
urn:cite:bla:bbb318.32r,urn:cite:ecodices:bbb318img.bbb318_032r
urn:cite:bla:bbb318.32v,urn:cite:ecodices:bbb318img.bbb318_032v
urn:cite:bla:bbb318.33r,urn:cite:ecodices:bbb318img.bbb318_033r
urn:cite:bla:bbb318.33v,urn:cite:ecodices:bbb318img.bbb318_033v
urn:cite:bla:bbb318.34r,urn:cite:ecodices:bbb318img.bbb318_034r
urn:cite:bla:bbb318.34v,urn:cite:ecodices:bbb318img.bbb318_034v
urn:cite:bla:bbb318.35r,urn:cite:ecodices:bbb318img.bbb318_035r
urn:cite:bla:bbb318.35v,urn:cite:ecodices:bbb318img.bbb318_035v
urn:cite:bla:bbb318.36r,urn:cite:ecodices:bbb318img.bbb318_036r
urn:cite:bla:bbb318.36v,urn:cite:ecodices:bbb318img.bbb318_036v
urn:cite:bla:bbb318.37r,urn:cite:ecodices:bbb318img.bbb318_037r
urn:cite:bla:bbb318.37v,urn:cite:ecodices:bbb318img.bbb318_037v
urn:cite:bla:bbb318.38r,urn:cite:ecodices:bbb318img.bbb318_038r
urn:cite:bla:bbb318.38v,urn:cite:ecodices:bbb318img.bbb318_038v
urn:cite:bla:bbb318.39r,urn:cite:ecodices:bbb318img.bbb318_039r
urn:cite:bla:bbb318.39v,urn:cite:ecodices:bbb318img.bbb318_039v
urn:cite:bla:bbb318.40r,urn:cite:ecodices:bbb318img.bbb318_040r
urn:cite:bla:bbb318.40v,urn:cite:ecodices:bbb318img.bbb318_040v
urn:cite:bla:bbb318.41r,urn:cite:ecodices:bbb318img.bbb318_041r
urn:cite:bla:bbb318.41v,urn:cite:ecodices:bbb318img.bbb318_041v
urn:cite:bla:bbb318.42r,urn:cite:ecodices:bbb318img.bbb318_042r
urn:cite:bla:bbb318.42v,urn:cite:ecodices:bbb318img.bbb318_042v
urn:cite:bla:bbb318.43r,urn:cite:ecodices:bbb318img.bbb318_043r
urn:cite:bla:bbb318.43v,urn:cite:ecodices:bbb318img.bbb318_043v
urn:cite:bla:bbb318.44r,urn:cite:ecodices:bbb318img.bbb318_044r
urn:cite:bla:bbb318.44v,urn:cite:ecodices:bbb318img.bbb318_044v
urn:cite:bla:bbb318.45r,urn:cite:ecodices:bbb318img.bbb318_045r
urn:cite:bla:bbb318.45v,urn:cite:ecodices:bbb318img.bbb318_045v
urn:cite:bla:bbb318.46r,urn:cite:ecodices:bbb318img.bbb318_046r
urn:cite:bla:bbb318.46v,urn:cite:ecodices:bbb318img.bbb318_046v
urn:cite:bla:bbb318.47r,urn:cite:ecodices:bbb318img.bbb318_047r
urn:cite:bla:bbb318.47v,urn:cite:ecodices:bbb318img.bbb318_047v
urn:cite:bla:bbb318.48r,urn:cite:ecodices:bbb318img.bbb318_048r
urn:cite:bla:bbb318.48v,urn:cite:ecodices:bbb318img.bbb318_048v
urn:cite:bla:bbb318.49r,urn:cite:ecodices:bbb318img.bbb318_049r
urn:cite:bla:bbb318.49v,urn:cite:ecodices:bbb318img.bbb318_049v
urn:cite:bla:bbb318.50r,urn:cite:ecodices:bbb318img.bbb318_050r
urn:cite:bla:bbb318.50v,urn:cite:ecodices:bbb318img.bbb318_050v
urn:cite:bla:bbb318.51r,urn:cite:ecodices:bbb318img.bbb318_051r
urn:cite:bla:bbb318.51v,urn:cite:ecodices:bbb318img.bbb318_051v
urn:cite:bla:bbb318.52r,urn:cite:ecodices:bbb318img.bbb318_052r
urn:cite:bla:bbb318.52v,urn:cite:ecodices:bbb318img.bbb318_052v
urn:cite:bla:bbb318.53r,urn:cite:ecodices:bbb318img.bbb318_053r
urn:cite:bla:bbb318.53v,urn:cite:ecodices:bbb318img.bbb318_053v
urn:cite:bla:bbb318.54r,urn:cite:ecodices:bbb318img.bbb318_054r
urn:cite:bla:bbb318.54v,urn:cite:ecodices:bbb318img.bbb318_054v
urn:cite:bla:bbb318.55r,urn:cite:ecodices:bbb318img.bbb318_055r
urn:cite:bla:bbb318.55v,urn:cite:ecodices:bbb318img.bbb318_055v
urn:cite:bla:bbb318.56r,urn:cite:ecodices:bbb318img.bbb318_056r
urn:cite:bla:bbb318.56v,urn:cite:ecodices:bbb318img.bbb318_056v
urn:cite:bla:bbb318.57r,urn:cite:ecodices:bbb318img.bbb318_057r
urn:cite:bla:bbb318.57v,urn:cite:ecodices:bbb318img.bbb318_057v
urn:cite:bla:bbb318.58r,urn:cite:ecodices:bbb318img.bbb318_058r
urn:cite:bla:bbb318.58v,urn:cite:ecodices:bbb318img.bbb318_058v
urn:cite:bla:bbb318.59r,urn:cite:ecodices:bbb318img.bbb318_059r
urn:cite:bla:bbb318.59v,urn:cite:ecodices:bbb318img.bbb318_059v
urn:cite:bla:bbb318.60r,urn:cite:ecodices:bbb318img.bbb318_060r
urn:cite:bla:bbb318.60v,urn:cite:ecodices:bbb318img.bbb318_060v
urn:cite:bla:bbb318.61r,urn:cite:ecodices:bbb318img.bbb318_061r
urn:cite:bla:bbb318.61v,urn:cite:ecodices:bbb318img.bbb318_061v
urn:cite:bla:bbb318.62r,urn:cite:ecodices:bbb318img.bbb318_062r
urn:cite:bla:bbb318.62v,urn:cite:ecodices:bbb318img.bbb318_062v
urn:cite:bla:bbb318.63r,urn:cite:ecodices:bbb318img.bbb318_063r
urn:cite:bla:bbb318.63v,urn:cite:ecodices:bbb318img.bbb318_063v
urn:cite:bla:bbb318.64r,urn:cite:ecodices:bbb318img.bbb318_064r
urn:cite:bla:bbb318.64v,urn:cite:ecodices:bbb318img.bbb318_064v
urn:cite:bla:bbb318.65r,urn:cite:ecodices:bbb318img.bbb318_065r
urn:cite:bla:bbb318.65v,urn:cite:ecodices:bbb318img.bbb318_065v
urn:cite:bla:bbb318.66r,urn:cite:ecodices:bbb318img.bbb318_066r
urn:cite:bla:bbb318.66v,urn:cite:ecodices:bbb318img.bbb318_066v
urn:cite:bla:bbb318.67r,urn:cite:ecodices:bbb318img.bbb318_067r
urn:cite:bla:bbb318.67v,urn:cite:ecodices:bbb318img.bbb318_067v
urn:cite:bla:bbb318.68r,urn:cite:ecodices:bbb318img.bbb318_068r
urn:cite:bla:bbb318.68v,urn:cite:ecodices:bbb318img.bbb318_068v
urn:cite:bla:bbb318.69r,urn:cite:ecodices:bbb318img.bbb318_069r
urn:cite:bla:bbb318.69v,urn:cite:ecodices:bbb318img.bbb318_069v
urn:cite:bla:bbb318.70r,urn:cite:ecodices:bbb318img.bbb318_070r
urn:cite:bla:bbb318.70v,urn:cite:ecodices:bbb318img.bbb318_070v
urn:cite:bla:bbb318.71r,urn:cite:ecodices:bbb318img.bbb318_071r
urn:cite:bla:bbb318.71v,urn:cite:ecodices:bbb318img.bbb318_071v
urn:cite:bla:bbb318.72r,urn:cite:ecodices:bbb318img.bbb318_072r
urn:cite:bla:bbb318.72v,urn:cite:ecodices:bbb318img.bbb318_072v
urn:cite:bla:bbb318.73r,urn:cite:ecodices:bbb318img.bbb318_073r
urn:cite:bla:bbb318.73v,urn:cite:ecodices:bbb318img.bbb318_073v
urn:cite:bla:bbb318.74r,urn:cite:ecodices:bbb318img.bbb318_074r
urn:cite:bla:bbb318.74v,urn:cite:ecodices:bbb318img.bbb318_074v
urn:cite:bla:bbb318.75r,urn:cite:ecodices:bbb318img.bbb318_075r
urn:cite:bla:bbb318.75v,urn:cite:ecodices:bbb318img.bbb318_075v
urn:cite:bla:bbb318.76r,urn:cite:ecodices:bbb318img.bbb318_076r
urn:cite:bla:bbb318.76v,urn:cite:ecodices:bbb318img.bbb318_076v
urn:cite:bla:bbb318.77r,urn:cite:ecodices:bbb318img.bbb318_077r
urn:cite:bla:bbb318.77v,urn:cite:ecodices:bbb318img.bbb318_077v
urn:cite:bla:bbb318.78r,urn:cite:ecodices:bbb318img.bbb318_078r
urn:cite:bla:bbb318.78v,urn:cite:ecodices:bbb318img.bbb318_078v
urn:cite:bla:bbb318.79r,urn:cite:ecodices:bbb318img.bbb318_079r
urn:cite:bla:bbb318.79v,urn:cite:ecodices:bbb318img.bbb318_079v
urn:cite:bla:bbb318.80r,urn:cite:ecodices:bbb318img.bbb318_080r
urn:cite:bla:bbb318.80v,urn:cite:ecodices:bbb318img.bbb318_080v
urn:cite:bla:bbb318.81r,urn:cite:ecodices:bbb318img.bbb318_081r
urn:cite:bla:bbb318.81v,urn:cite:ecodices:bbb318img.bbb318_081v
urn:cite:bla:bbb318.82r,urn:cite:ecodices:bbb318img.bbb318_082r
urn:cite:bla:bbb318.82v,urn:cite:ecodices:bbb318img.bbb318_082v
urn:cite:bla:bbb318.83r,urn:cite:ecodices:bbb318img.bbb318_083r
urn:cite:bla:bbb318.83v,urn:cite:ecodices:bbb318img.bbb318_083v
urn:cite:bla:bbb318.84r,urn:cite:ecodices:bbb318img.bbb318_084r
urn:cite:bla:bbb318.84v,urn:cite:ecodices:bbb318img.bbb318_084v
urn:cite:bla:bbb318.85r,urn:cite:ecodices:bbb318img.bbb318_085r
urn:cite:bla:bbb318.85v,urn:cite:ecodices:bbb318img.bbb318_085v
urn:cite:bla:bbb318.86r,urn:cite:ecodices:bbb318img.bbb318_086r
urn:cite:bla:bbb318.86v,urn:cite:ecodices:bbb318img.bbb318_086v
urn:cite:bla:bbb318.87r,urn:cite:ecodices:bbb318img.bbb318_087r
urn:cite:bla:bbb318.87v,urn:cite:ecodices:bbb318img.bbb318_087v
urn:cite:bla:bbb318.88r,urn:cite:ecodices:bbb318img.bbb318_088r
urn:cite:bla:bbb318.88v,urn:cite:ecodices:bbb318img.bbb318_088v
urn:cite:bla:bbb318.89r,urn:cite:ecodices:bbb318img.bbb318_089r
urn:cite:bla:bbb318.89v,urn:cite:ecodices:bbb318img.bbb318_089v
urn:cite:bla:bbb318.90r,urn:cite:ecodices:bbb318img.bbb318_090r
urn:cite:bla:bbb318.90v,urn:cite:ecodices:bbb318img.bbb318_090v
urn:cite:bla:bbb318.91r,urn:cite:ecodices:bbb318img.bbb318_091r
urn:cite:bla:bbb318.91v,urn:cite:ecodices:bbb318img.bbb318_091v
urn:cite:bla:bbb318.92r,urn:cite:ecodices:bbb318img.bbb318_092r
urn:cite:bla:bbb318.92v,urn:cite:ecodices:bbb318img.bbb318_092v
urn:cite:bla:bbb318.93r,urn:cite:ecodices:bbb318img.bbb318_093r
urn:cite:bla:bbb318.93v,urn:cite:ecodices:bbb318img.bbb318_093v
urn:cite:bla:bbb318.94r,urn:cite:ecodices:bbb318img.bbb318_094r
urn:cite:bla:bbb318.94v,urn:cite:ecodices:bbb318img.bbb318_094v
urn:cite:bla:bbb318.95r,urn:cite:ecodices:bbb318img.bbb318_095r
urn:cite:bla:bbb318.95v,urn:cite:ecodices:bbb318img.bbb318_095v
urn:cite:bla:bbb318.96r,urn:cite:ecodices:bbb318img.bbb318_096r
urn:cite:bla:bbb318.96v,urn:cite:ecodices:bbb318img.bbb318_096v
urn:cite:bla:bbb318.97r,urn:cite:ecodices:bbb318img.bbb318_097r
urn:cite:bla:bbb318.97v,urn:cite:ecodices:bbb318img.bbb318_097v
urn:cite:bla:bbb318.98r,urn:cite:ecodices:bbb318img.bbb318_098r
urn:cite:bla:bbb318.98v,urn:cite:ecodices:bbb318img.bbb318_098v
urn:cite:bla:bbb318.99r,urn:cite:ecodices:bbb318img.bbb318_099r
urn:cite:bla:bbb318.99v,urn:cite:ecodices:bbb318img.bbb318_099v
urn:cite:bla:bbb318.100r,urn:cite:ecodices:bbb318img.bbb318_100r
urn:cite:bla:bbb318.100v,urn:cite:ecodices:bbb318img.bbb318_100v
urn:cite:bla:bbb318.101r,urn:cite:ecodices:bbb318img.bbb318_101r
urn:cite:bla:bbb318.101v,urn:cite:ecodices:bbb318img.bbb318_101v
urn:cite:bla:bbb318.102r,urn:cite:ecodices:bbb318img.bbb318_102r
urn:cite:bla:bbb318.102v,urn:cite:ecodices:bbb318img.bbb318_102v
urn:cite:bla:bbb318.103r,urn:cite:ecodices:bbb318img.bbb318_103r
urn:cite:bla:bbb318.103v,urn:cite:ecodices:bbb318img.bbb318_103v
urn:cite:bla:bbb318.104r,urn:cite:ecodices:bbb318img.bbb318_104r
urn:cite:bla:bbb318.104v,urn:cite:ecodices:bbb318img.bbb318_104v
urn:cite:bla:bbb318.105r,urn:cite:ecodices:bbb318img.bbb318_105r
urn:cite:bla:bbb318.105v,urn:cite:ecodices:bbb318img.bbb318_105v
urn:cite:bla:bbb318.106r,urn:cite:ecodices:bbb318img.bbb318_106r
urn:cite:bla:bbb318.106v,urn:cite:ecodices:bbb318img.bbb318_106v
urn:cite:bla:bbb318.107r,urn:cite:ecodices:bbb318img.bbb318_107r
urn:cite:bla:bbb318.107v,urn:cite:ecodices:bbb318img.bbb318_107v
urn:cite:bla:bbb318.108r,urn:cite:ecodices:bbb318img.bbb318_108r
urn:cite:bla:bbb318.108v,urn:cite:ecodices:bbb318img.bbb318_108v
urn:cite:bla:bbb318.109r,urn:cite:ecodices:bbb318img.bbb318_109r
urn:cite:bla:bbb318.109v,urn:cite:ecodices:bbb318img.bbb318_109v
urn:cite:bla:bbb318.110r,urn:cite:ecodices:bbb318img.bbb318_110r
urn:cite:bla:bbb318.110v,urn:cite:ecodices:bbb318img.bbb318_110v
urn:cite:bla:bbb318.111r,urn:cite:ecodices:bbb318img.bbb318_111r
urn:cite:bla:bbb318.111v,urn:cite:ecodices:bbb318img.bbb318_111v
urn:cite:bla:bbb318.112r,urn:cite:ecodices:bbb318img.bbb318_112r
urn:cite:bla:bbb318.112v,urn:cite:ecodices:bbb318img.bbb318_112v
urn:cite:bla:bbb318.113r,urn:cite:ecodices:bbb318img.bbb318_113r
urn:cite:bla:bbb318.113v,urn:cite:ecodices:bbb318img.bbb318_113v
urn:cite:bla:bbb318.114r,urn:cite:ecodices:bbb318img.bbb318_114r
urn:cite:bla:bbb318.114v,urn:cite:ecodices:bbb318img.bbb318_114v
urn:cite:bla:bbb318.115r,urn:cite:ecodices:bbb318img.bbb318_115r
urn:cite:bla:bbb318.115v,urn:cite:ecodices:bbb318img.bbb318_115v
urn:cite:bla:bbb318.116r,urn:cite:ecodices:bbb318img.bbb318_116r
urn:cite:bla:bbb318.116v,urn:cite:ecodices:bbb318img.bbb318_116v
urn:cite:bla:bbb318.117r,urn:cite:ecodices:bbb318img.bbb318_117r
urn:cite:bla:bbb318.117v,urn:cite:ecodices:bbb318img.bbb318_117v
urn:cite:bla:bbb318.118r,urn:cite:ecodices:bbb318img.bbb318_118r
urn:cite:bla:bbb318.118v,urn:cite:ecodices:bbb318img.bbb318_118v
urn:cite:bla:bbb318.119r,urn:cite:ecodices:bbb318img.bbb318_119r
urn:cite:bla:bbb318.119v,urn:cite:ecodices:bbb318img.bbb318_119v
urn:cite:bla:bbb318.120r,urn:cite:ecodices:bbb318img.bbb318_120r
urn:cite:bla:bbb318.120v,urn:cite:ecodices:bbb318img.bbb318_120v
urn:cite:bla:bbb318.121r,urn:cite:ecodices:bbb318img.bbb318_121r
urn:cite:bla:bbb318.121v,urn:cite:ecodices:bbb318img.bbb318_121v
urn:cite:bla:bbb318.122r,urn:cite:ecodices:bbb318img.bbb318_122r
urn:cite:bla:bbb318.122v,urn:cite:ecodices:bbb318img.bbb318_122v
urn:cite:bla:bbb318.123r,urn:cite:ecodices:bbb318img.bbb318_123r
urn:cite:bla:bbb318.123v,urn:cite:ecodices:bbb318img.bbb318_123v
urn:cite:bla:bbb318.124r,urn:cite:ecodices:bbb318img.bbb318_124r
urn:cite:bla:bbb318.124v,urn:cite:ecodices:bbb318img.bbb318_124v
urn:cite:bla:bbb318.125r,urn:cite:ecodices:bbb318img.bbb318_125r
urn:cite:bla:bbb318.125v,urn:cite:ecodices:bbb318img.bbb318_125v
urn:cite:bla:bbb318.126r,urn:cite:ecodices:bbb318img.bbb318_126r
urn:cite:bla:bbb318.126v,urn:cite:ecodices:bbb318img.bbb318_126v
urn:cite:bla:bbb318.127r,urn:cite:ecodices:bbb318img.bbb318_127r
urn:cite:bla:bbb318.127v,urn:cite:ecodices:bbb318img.bbb318_127v
urn:cite:bla:bbb318.128r,urn:cite:ecodices:bbb318img.bbb318_128r
urn:cite:bla:bbb318.128v,urn:cite:ecodices:bbb318img.bbb318_128v
urn:cite:bla:bbb318.129r,urn:cite:ecodices:bbb318img.bbb318_129r
urn:cite:bla:bbb318.129v,urn:cite:ecodices:bbb318img.bbb318_129v
urn:cite:bla:bbb318.130r,urn:cite:ecodices:bbb318img.bbb318_130r
urn:cite:bla:bbb318.130v,urn:cite:ecodices:bbb318img.bbb318_130v
urn:cite:bla:bbb318.131r,urn:cite:ecodices:bbb318img.bbb318_131r
urn:cite:bla:bbb318.131v,urn:cite:ecodices:bbb318img.bbb318_131v
